Workbook
Name a: #REF!
Name a: #REF!
Name Document_array: {"Book1","公路收费权测算表.xls"}
Name Document_array: {"Book1","公路收费权测算表.xls"}
Name E5897844: #REF!
Name E5897844: #REF!
Name FANWEI1: [1]索引表!$C$4:$C$101
Name Payment_Number: ROW()-Header_Row
Name Payment_Number: ROW()-Header_Row
Name Print_Area_MI: #REF!
Name Print_Area_MI: #REF!
Name print_area1: #REF!
Name print_area1: #REF!
Name UFPrn20030702160950: #REF!
Name UFPrn20030702160950: #REF!
Name Work_Program_By_Area_List: #REF!
Name Work_Program_By_Area_List: #REF!
Name ww: #REF!
Name ww: #REF!
Name wwwwwwwwwwwww: ROW()-Header_Row
Name wwwwwwwwwwwww: ROW()-Header_Row
Name 安置补助费: #REF!
Name 安置补助费: #REF!
Name 大多数: [2]XL4Poppy!$A$15
Name 工作表: #REF!
Name 工作表: #REF!
Name 固定资产: [3]XL4Poppy!$A$15
Name 年初短期投资: #REF!
Name 年初短期投资: #REF!
Name 年初货币资金: #REF!
Name 年初货币资金: #REF!
Name 年初应收票据: #REF!
Name 年初应收票据: #REF!
Name 土地18: {"Book1","公路收费权测算表.xls"}
Name 土地18: {"Book1","公路收费权测算表.xls"}
Name 无形资产土地使用权账面价值: [4]土地评估明细表!#REF!
Name 无形资产土地使用权账面价值: [4]土地评估明细表!#REF!
Name 序号: #REF!
Name 序号: #REF!
Name 资料查证及特殊约定事项说明: #REF!
Name 资料查证及特殊约定事项说明: #REF!
Name 전: #REF!
Name 전: #REF!
Name 주택사업본부: #REF!
Name 주택사업본부: #REF!
Name 철구사업본부: #REF!
Name 철구사업본부: #REF!

Sheet 评估案例
A1: 评估案例
A2: http://www.landjs.com/web/cjgs_list.aspx?xmlx=&xzq=3212&LAND_USE=&REMISE_TYPE=&LAND_POSITION=&PARCEL_NO=&minqdrq=&maxqdrq=&mj=
A3: 定位 | B3: 行政区 | C3: 地块编号 | D3: 宗地位置 | E3: 土地用途 | F3: 成交时间 | G3: 面积(m2) | H3: 金额(万元) | I3: 单价 | J3: 容积率 | K3: 容积率修正系数（商业） | L3: 容积率修正系数（住宅） | N3: 评估单价 | R3: 商业案例A
B4: 泰州市本级 | C4: 泰地示告[2017]5-1号 | D4: 海陵区税务东街27号14室 | E4: 商业 | F4: 43103 | G4: 15.5 | H4: 20.2708 | I4: =H4*10000/G4 -> 13077.94 | J4: =44.29/G4 -> 2.86 | K4: 1.505 | N4: =H4*10000/G4 -> 13077.94 | Q4: 地块编号 | R4: [2016]2-2号
B5: 泰州市本级 | C5: 泰地储告〔2017〕7-4号 | D5: 海陵区梅兰西路北侧、青年南路西侧 | E5: 住宅 | F5: 43076 | G5: 47586 | H5: 65500 | I5: =H5*10000/G5 -> 13764.55 | J5: 1.60≤容积率≤1.80 | L5: 1.169 | N5: =H5*10000/G5 -> 13764.55 | Q5: 公告编号 | R5: 泰地储告[2016]2号
B6: 泰州市本级 | C6: 泰地储告〔2017〕7-3号 | D6: 泰州经济开发区青年南路西侧、苏源花园南侧 | E6: 住宅 | F6: 43076 | G6: 122257 | H6: 170100 | I6: =H6*10000/G6 -> 13913.31 | J6: 1.60≤容积率≤1.80 | L6: 1.169 | N6: =H6*10000/G6 -> 13913.31 | Q6: 土地位置 | R6: 海陵区鼓楼南路东侧、老通扬运河北侧25米
B7: 泰州市本级 | C7: 泰地储告〔2017〕7-2号 | D7: 泰州经济开发区凤凰西路北侧、天虹路西侧 | E7: 住宅 | F7: 43076 | G7: 42150 | H7: 34800 | I7: =H7*10000/G7 -> 8256.23 | J7: 1.0010≤容积率≤1.20 | L7: 0.831 | N7: =H7*10000/G7 -> 8256.23 | Q7: 公示开始时间 | R7: 42405 | S7: 公示截止时间 | T7: 42414
B8: 泰州市本级 | C8: 泰地储告〔2017〕7-1号 | D8: 海陵区东风北路东侧、森园路北侧 | E8: 住宅 | F8: 43076 | G8: 112726 | H8: 120100 | I8: =H8*10000/G8 -> 10654.15 | J8: 1.74≤容积率≤1.93 | L8: 1.225 | N8: =H8*10000/G8 -> 10654.15 | Q8: 所属行政区 | R8: 泰州市本级 | S8: 出让面积（平方米） | T8: 710
B9: 泰州市本级 | C9: 泰地储告〔2017〕5-2号 | D9: 泰州医药高新区会展路西侧、会展1号支路... | E9: 商业 | F9: 42943 | G9: 17217 | H9: 4800 | I9: =H9*10000/G9 -> 2787.94 | J9: 5.66≤容积率≤5.86 | K9: 1.514 | N9: =H9*10000/G9 -> 2787.94 | Q9: 建筑面积（平方米） | S9: 规划用途 | T9: 商业
B10: 泰州市本级 | C10: 泰地储告〔2017〕5-1号 | D10: 泰州医药高新区曙光路北侧、会展路西侧 | E10: 商业 | F10: 42943 | G10: 35621 | H10: 9600 | I10: =H10*10000/G10 -> 2695.04 | J10: 3.30≤容积率≤3.50 | K10: 1.514 | N10: =H10*10000/G10 -> 2695.04 | Q10: 出让年限（年） | R10: 40 | S10: 交易方式 | T10: 挂牌
B11: 泰州市本级 | C11: 泰地储告〔2017〕4-3号 | D11: 海陵区迎宾路南侧、春晖路东侧 | E11: 商住 | F11: 42916 | G11: 57099 | H11: 60400 | I11: =H11*10000/G11 -> 10578.12 | J11: 1.50≤容积率≤1.70 | K11: 1.253 | L11: 1.113 | N11: =H11*10000/G11 -> 10578.12 | Q11: 起始价（万元） | R11: 560 | S11: 竞得价（万元） | T11: 600
B12: 泰州市本级 | C12: 泰地储告〔2017〕4-2号 | D12: 周山河街区引江路南侧、东周港路西测 | E12: 住宅 | F12: 42916 | G12: 77609 | H12: 94400 | I12: =H12*10000/G12 -> 12163.54 | J12: 2≤容积率≤2.20 | L12: 1.392 | N12: =H12*10000/G12 -> 12163.54 | Q12: 竞得单位 | R12: 泰州凤城河建设发展有限公司 | S12: 成交时间 | T12: 42404
B13: 泰州市本级 | C13: 泰地储告〔2017〕4-1号 | D13: 周山河街区海军大道北侧约50米、东周港... | E13: 住宅 | F13: 42916 | G13: 56724 | H13: 66400 | I13: =H13*10000/G13 -> 11705.8 | J13: 1.90≤容积率≤2.10 | L13: 1.336 | N13: =H13*10000/G13 -> 11705.8
B14: 泰州市本级 | C14: 泰地储告[2017]3-1号 | D14: 海陵区青年南路西侧、规划虹桥西街北侧约... | E14: 商业 | F14: 42908 | G14: 2943 | H14: 2600 | I14: =H14*10000/G14 -> 8834.52 | J14: 1.20≤容积率≤1.40 | K14: 1.138 | N14: =H14*10000/G14 -> 8834.52 | R14: 商业案例B
B15: 泰州市本级 | C15: 泰地示告[2017]2-1号 | D15: 泰州市海陵区周武巷34号 | E15: 住宅 | F15: 42858 | G15: 463.8 | H15: 51.02 | I15: =H15*10000/G15 -> 1100.04 | N15: =H15*10000/G15 -> 1100.04 | Q15: 地块编号 | R15: 泰地储告[2017]3-1号
B16: 泰州市本级 | C16: 泰地储告[2017]2-1号 | D16: 东至海陵区海阳大酒店、南至泰州市光孝律... | E16: 商业 | F16: 42852 | G16: 1507 | H16: 1280 | I16: =H16*10000/G16 -> 8493.7 | J16: 1.80≤容积率≤2 | K16: 1.348 | N16: =H16*10000/G16 -> 8493.7 | Q16: 公告编号 | R16: 泰地储告[2017]3号
B17: 泰州市本级 | C17: 泰地储告[2017]1-2号 | D17: 医药高新区会展2号支路北侧、3号支路西侧 | E17: 商业 | F17: 42747 | G17: 9248 | H17: 2500 | I17: =H17*10000/G17 -> 2703.29 | J17: 容积率=4.66 | K17: 1.514 | N17: =H17*10000/G17 -> 2703.29 | Q17: 土地位置 | R17: 海陵区青年南路西侧、规划虹桥西街北侧约30米
B18: 泰州市本级 | C18: 泰地储告[2016]17-4号 | D18: 海陵区海陵北路东侧、森园路南侧 | E18: 商住 | F18: 42733 | G18: 32122 | H18: 14700 | I18: =H18*10000/G18 -> 4576.3 | J18: 1.40≤容积率≤1.60 | K18: 1.217 | L18: 1.057 | N18: =H18*10000/G18 -> 4576.3 | Q18: 公示开始时间 | R18: 42913 | S18: 公示截止时间
B19: 泰州市本级 | C19: 泰地储告[2016]17-3号 | D19: 海陵区南通路北侧约60米、海陵北路东侧 | E19: 商住 | F19: 42733 | G19: 95526 | H19: 47200 | I19: =H19*10000/G19 -> 4941.06 | J19: 1.17≤容积率≤1.37 | K19: 1.138 | L19: 0.944 | N19: =H19*10000/G19 -> 4941.06 | Q19: 所属行政区 | R19: 泰州市本级 | S19: 出让面积（平方米） | T19: 2943
B20: 泰州市本级 | C20: 泰地储告[2016]17-2号 | D20: 医药高新区兴泰南路东侧、永兴路北侧 | E20: 商住 | F20: 42733 | G20: 52394 | H20: 21300 | I20: =H20*10000/G20 -> 4065.35 | J20: 1.10≤容积率≤1.30 | K20: 1.094 | L20: 0.888 | N20: =H20*10000/G20 -> 4065.35 | Q20: 建筑面积（平方米） | S20: 规划用途 | T20: 商业
B21: 泰州市本级 | C21: 泰地储告[2016]17-1号 | D21: 高港区永安洲镇高港大道西侧、国学路北侧 | E21: 商住 | F21: 42733 | G21: 71613 | H21: 11700 | I21: =H21*10000/G21 -> 1633.78 | J21: 1.60≤容积率≤1.80 | K21: 1.287 | L21: 1.169 | N21: =H21*10000/G21 -> 1633.78 | Q21: 出让年限（年） | R21: 40 | S21: 交易方式 | T21: 挂牌
B22: 泰州市本级 | C22: 泰地示告[2016]8-1号 | D22: 海陵区莲花1号小区37幢南大门西第5间 | E22: 商业 | F22: 42730 | G22: 97.8 | H22: 34.2363 | I22: =H22*10000/G22 -> 3500.64 | N22: =H22*10000/G22 -> 3500.64 | Q22: 起始价（万元） | R22: 2400 | S22: 竞得价（万元） | T22: 2600
B23: 泰州市本级 | C23: 泰地储告〔2016〕16-1号 | D23: 医药高新区泰州大道西侧、学院路南侧 | E23: 商业 | F23: 42726 | G23: 97720 | H23: 19000 | I23: =H23*10000/G23 -> 1944.33 | J23: 1.01≤容积率≤1.12 | K23: 1.024 | N23: =H23*10000/G23 -> 1944.33 | Q23: 竞得单位 | R23: 泰州市鑫通停车场建设管理有限公司 | S23: 成交时间 | T23: 42908
B24: 泰州市本级 | C24: 泰地储告[2016]15-2号 | D24: 海陵区迎春东路北侧、231省道东侧约5... | E24: 商业 | F24: 42712 | G24: 26740 | H24: 7600 | I24: =H24*10000/G24 -> 2842.18 | J24: 2.35≤容积率≤2.55 | K24: 1.475 | N24: =H24*10000/G24 -> 2842.18
B25: 泰州市本级 | C25: 泰地储告[2016]15-1号 | D25: 泰州经济开发区梅兰西路北侧、天虹路西侧 | E25: 住宅 | F25: 42712 | G25: 58082 | H25: 19900 | I25: =H25*10000/G25 -> 3426.19 | J25: 1.01≤容积率≤1.20 | L25: 0.831 | N25: =H25*10000/G25 -> 3426.19 | R25: 商业案例C
B26: 泰州市本级 | C26: [2016]14-2号 | D26: 医药高新区口泰路东侧、鸭子河南侧 | E26: 商业 | F26: 42705 | G26: 54652 | H26: 8300 | I26: =H26*10000/G26 -> 1518.7 | J26: 容积率=0.52 | K26: 0.725 | N26: =H26*10000/G26 -> 1518.7 | Q26: 地块编号 | R26: 泰地储告[2017]2-1号
B27: 泰州市本级 | C27: [2016]14-1号 | D27: 医药高新区海陵南路东侧、药城大道北侧 | E27: 住宅 | F27: 42705 | G27: 122113 | H27: 33200 | I27: =H27*10000/G27 -> 2718.79 | J27: 1.42≤容积率≤1.62 | L27: 1.057 | N27: =H27*10000/G27 -> 2718.79 | Q27: 公告编号 | R27: 泰地储告[2017]2号
B28: 泰州市本级 | C28: 泰地示告[2016]6-1号 | D28: 海陵区莲花1号小区B1（8-9） | E28: 商业 | F28: 42643 | G28: 87 | H28: 52.1948 | I28: =H28*10000/G28 -> 5999.4 | N28: =H28*10000/G28 -> 5999.4 | Q28: 土地位置 | R28: 东至海陵区海阳大酒店、南至泰州市光孝律寺、西至巷道、北至人民西路
B29: 泰州市本级 | C29: 〔2016〕12-1号 | D29: 高港区永安洲镇沿江高等级公路西侧、联江... | E29: 商业 | F29: 42635 | G29: 3450 | H29: 640 | I29: =H29*10000/G29 -> 1855.07 | J29: 容积率≤0.70 | K29: 0.842 | N29: =H29*10000/G29 -> 1855.07 | Q29: 公示开始时间 | R29: 42854 | S29: 公示截止时间
B30: 泰州市本级 | C30: 泰地示告[2016]5-1号 | D30: 海陵区西仓路11号1幢13室 | E30: 商业 | F30: 42618 | G30: 8.03 | H30: 19.2183 | I30: =H30*10000/G30 -> 23933.13 | N30: =H30*10000/G30 -> 23933.13 | Q30: 所属行政区 | R30: 泰州市本级 | S30: 出让面积（平方米） | T30: 1507
B31: 泰州市本级 | C31: 〔2016〕11-1号 | D31: 海陵区祥泰路东侧、规划泰九路北侧 | E31: 商业 | F31: 42600 | G31: 6237 | H31: 880 | I31: =H31*10000/G31 -> 1410.93 | J31: 0.20≤容积率≤0.40 | K31: 0.598 | N31: =H31*10000/G31 -> 1410.93 | Q31: 建筑面积（平方米） | S31: 规划用途 | T31: 商业
B32: 泰州市本级 | C32: 〔2016〕10-1号 | D32: 海陵区扬州路北侧、杰盛西苑东侧 | E32: 商业 | F32: 42593 | G32: 7702 | H32: 2650 | I32: =H32*10000/G32 -> 3440.66 | J32: 2.15≤容积率≤2.35 | K32: 1.442 | N32: =H32*10000/G32 -> 3440.66 | Q32: 出让年限（年） | R32: 40 | S32: 交易方式 | T32: 挂牌
B33: 泰州市本级 | C33: [2016]9-1号 | D33: 泰州经济开发区梅兰西路南侧、南官河西侧 | E33: 商住 | F33: 42572 | G33: 82170 | H33: 24100 | I33: =H33*10000/G33 -> 2932.94 | J33: 1.20≤容积率≤1.29 | K33: 1.094 | L33: 0.888 | N33: =H33*10000/G33 -> 2932.94 | Q33: 起始价（万元） | R33: 1220 | S33: 竞得价（万元） | T33: 1280
B34: 泰州市本级 | C34: [2016]8-1号 | D34: 高港区王营路东侧、春港路南侧 | E34: 商住 | F34: 42565 | G34: 74170 | H34: 2700 | I34: =H34*10000/G34 -> 364.03 | J34: 2≤容积率≤2.20 | K34: 1.4 | L34: 1.392 | N34: =H34*10000/G34 -> 364.03 | Q34: 竞得单位 | R34: 泰州市鑫通置业有限公司 | S34: 成交时间 | T34: 42852
B35: 泰州市本级 | C35: 泰地示告[2016]3-1号 | D35: 海陵区迎春路二期04、05室 | E35: 商业 | F35: 42538 | G35: 40.58 | H35: 93.4684 | I35: =H35*10000/G35 -> 23033.12 | N35: =H35*10000/G35 -> 23033.12
B36: 泰州市本级 | C36: [2016]6-4号 | D36: 医药高新区药城大道南侧、工业邻里中心西侧 | E36: 住宅 | F36: 42495 | G36: 26218 | H36: 11700 | I36: =H36*10000/G36 -> 4462.58 | J36: 2.80≤容积率≤3 | L36: 1.831 | N36: =H36*10000/G36 -> 4462.58
B37: 泰州市本级 | C37: [2016]6-3号 | D37: 医药高新区仲野路北侧、会展路东侧 | E37: 住宅 | F37: 42495 | G37: 34380 | H37: 15300 | I37: =H37*10000/G37 -> 4450.26 | J37: 2.80≤容积率≤3 | L37: 1.831 | N37: =H37*10000/G37 -> 4450.26
B38: 泰州市本级 | C38: [2016]6-2号 | D38: 医药高新区海陵南路东侧、药城大道南侧 | E38: 住宅 | F38: 42495 | G38: 58141 | H38: 26600 | I38: =H38*10000/G38 -> 4575.08 | J38: 2.80≤容积率≤3 | L38: 1.831 | N38: =H38*10000/G38 -> 4575.08
B39: 泰州市本级 | C39: [2016]6-1号 | D39: 医药高新区海陵南路东侧约300米、药城... | E39: 住宅 | F39: 42495 | G39: 61693 | H39: 28000 | I39: =H39*10000/G39 -> 4538.6 | J39: 2.80≤容积率≤3 | L39: 1.831 | N39: =H39*10000/G39 -> 4538.6
B40: 泰州市本级 | C40: 泰地示告[2016]1-1号 | D40: 海陵区梅兰东路58号 | E40: 商业 | F40: 42475 | G40: 261.83 | H40: 84.2726 | I40: =H40*10000/G40 -> 3218.6 | N40: =H40*10000/G40 -> 3218.6
B41: 泰州市本级 | C41: [2016]4-1号 | D41: 泰州经济开发区祥和花园东侧、振兴路北侧... | E41: 商业 | F41: 42432 | G41: 10648 | H41: 2250 | I41: =H41*10000/G41 -> 2113.07 | J41: 1.10≤容积率≤1.30 | K41: 1.094 | N41: =H41*10000/G41 -> 2113.07
B42: 泰州市本级 | C42: [2016]3-6号 | D42: 医药高新区引江河路东侧、疏港路北侧 | E42: 商住 | F42: 42425 | G42: 4764 | H42: 1170 | I42: =H42*10000/G42 -> 2455.92 | J42: 2.80≤容积率≤3 | K42: 1.511 | L42: 1.831 | N42: =H42*10000/G42 -> 2455.92
B43: 泰州市本级 | C43: [2016]3-5号 | D43: 医药高新区泰镇路东侧约100米、疏港路... | E43: 商住 | F43: 42425 | G43: 22269 | H43: 6500 | I43: =H43*10000/G43 -> 2918.86 | J43: 2.80≤容积率≤3 | K43: 1.511 | L43: 1.831 | N43: =H43*10000/G43 -> 2918.86
B44: 泰州市本级 | C44: [2016]3-4号 | D44: 医药高新区药城大道南侧、会展路东侧 | E44: 商住 | F44: 42425 | G44: 15808 | H44: 6500 | I44: =H44*10000/G44 -> 4111.84 | J44: 2.80≤容积率≤3 | K44: 1.511 | L44: 1.831 | N44: =H44*10000/G44 -> 4111.84
B45: 泰州市本级 | C45: [2016]3-3号 | D45: 医药高新区药城大道南侧、会展6号支路西侧 | E45: 商住 | F45: 42425 | G45: 16864 | H45: 7000 | I45: =H45*10000/G45 -> 4150.85 | J45: 2.80≤容积率≤3 | K45: 1.511 | L45: 1.831 | N45: =H45*10000/G45 -> 4150.85
B46: 泰州市本级 | C46: [2016]3-2号 | D46: 医药高新区泰镇路东侧约200米、时仙路... | E46: 商住 | F46: 42425 | G46: 50721 | H46: 13800 | I46: =H46*10000/G46 -> 2720.77 | J46: 2.80≤容积率≤3 | K46: 1.511 | L46: 1.831 | N46: =H46*10000/G46 -> 2720.77
B47: 泰州市本级 | C47: [2016]3-1号 | D47: 医药高新区鼓楼南路西侧、周山河南侧 | E47: 商住 | F47: 42425 | G47: 47336 | H47: 25700 | I47: =H47*10000/G47 -> 5429.27 | J47: 2.80≤容积率≤3 | K47: 1.511 | L47: 1.831 | N47: =H47*10000/G47 -> 5429.27
B48: 泰州市本级 | C48: [2016]2-2号 | D48: 海陵区鼓楼南路东侧、老通扬运河北侧25米 | E48: 商业 | F48: 42404 | G48: 710 | H48: 600 | I48: =H48*10000/G48 -> 8450.7 | J48: 0.89≤容积率≤0.99 | K48: 0.975 | M48: =0.89+0.99 -> 1.88 | N48: =H48*10000/G48 -> 8450.7
B49: 泰州市本级 | C49: [2016]2-1号 | D49: 海陵区桃园路东侧、静安路北侧 | E49: 商业 | F49: 42404 | G49: 2963 | H49: 2300 | I49: =H49*10000/G49 -> 7762.4 | J49: 容积率≤0.7570 | K49: 0.842 | N49: =H49*10000/G49 -> 7762.4
B50: 泰州市本级 | C50: [2016]1-1号 | D50: 高港区金港北路东侧、银杏路南侧 | E50: 商住 | F50: 42397 | G50: 47245 | H50: 10700 | I50: =H50*10000/G50 -> 2264.79 | J50: 1.80≤容积率≤2 | K50: 1.348 | L50: 1.28 | N50: =H50*10000/G50 -> 2264.79
B51: 泰州市本级 | C51: [2015]23-9号 | D51: 医药高新区泰州大道西侧、周山河北侧 | E51: 商住 | F51: 42362 | G51: 30143 | H51: 16300 | I51: =H51*10000/G51 -> 5407.56 | J51: 2.80≤容积率≤3 | K51: 1.511 | L51: 1.831
B52: 泰州市本级 | C52: [2015]23-8号 | D52: 医药高新区泰州大道西侧、周山河南侧 | E52: 商住 | F52: 42362 | G52: 36992 | H52: 20000 | I52: =H52*10000/G52 -> 5406.57 | J52: 2.80≤容积率≤3 | K52: 1.511 | L52: 1.831
B53: 泰州市本级 | C53: [2015]23-7号 | D53: 医药高新区前进河东侧约60米、周山河北侧 | E53: 商住 | F53: 42362 | G53: 53261 | H53: 24800 | I53: =H53*10000/G53 -> 4656.32 | J53: 2.80≤容积率≤3 | K53: 1.511 | L53: 1.831
B54: 泰州市本级 | C54: [2015]23-6号 | D54: 医药高新区鼓楼南路东侧、周山河南侧 | E54: 商住 | F54: 42362 | G54: 13605 | H54: 7400 | I54: =H54*10000/G54 -> 5439.18 | J54: 2.80≤容积率≤3 | K54: 1.511 | L54: 1.831
B55: 泰州市本级 | C55: [2015]23-5号 | D55: 医药高新区周山河南侧、泰白线东侧 | E55: 商住 | F55: 42362 | G55: 90230 | H55: 39200 | I55: =H55*10000/G55 -> 4344.45 | J55: 2.80≤容积率≤3 | K55: 1.511 | L55: 1.831
B56: 泰州市本级 | C56: [2015]23-4号 | D56: 海陵区九龙镇引江河西侧约250米、西堤... | E56: 商住 | F56: 42362 | G56: 28921 | H56: 10900 | I56: =H56*10000/G56 -> 3768.89 | J56: 2.80≤容积率≤3 | K56: 1.511 | L56: 1.831
B57: 泰州市本级 | C57: [2015]23-3号 | D57: 海陵区九龙镇龙翔路东侧、规划18米道路... | E57: 商住 | F57: 42362 | G57: 34456 | H57: 13000 | I57: =H57*10000/G57 -> 3772.93 | J57: 2.80≤容积率≤3 | K57: 1.511 | L57: 1.831
B58: 泰州市本级 | C58: [2015]23-2号 | D58: 海陵区九龙镇振兴路北侧、龙园路西侧 | E58: 商住 | F58: 42362 | G58: 49452 | H58: 19300 | I58: =H58*10000/G58 -> 3902.77 | J58: 2.80≤容积率≤3 | K58: 1.511 | L58: 1.831
B59: 泰州市本级 | C59: [2015]23-1号 | D59: 海陵区九龙镇龙翔路东侧、西堤阳光小区北侧 | E59: 商住 | F59: 42362 | G59: 63219 | H59: 23300 | I59: =H59*10000/G59 -> 3685.6 | J59: 2.80≤容积率≤3 | K59: 1.511 | L59: 1.831
B60: 泰州市本级 | C60: [2015]23-10号 | D60: 医药高新区鼓楼南路西侧、周山河北侧 | E60: 商住 | F60: 42362 | G60: 20683 | H60: 11200 | I60: =H60*10000/G60 -> 5415.08 | J60: 2.80≤容积率≤3 | K60: 1.511 | L60: 1.831
B61: 泰州市本级 | C61: [2015]22-2号 | D61: 海陵区东风北路西侧、东风变电所南侧约2... | E61: 商业 | F61: 42362 | G61: 7399 | H61: 3250 | I61: =H61*10000/G61 -> 4392.49 | J61: 容积率≤0.70 | K61: 0.842
B62: 泰州市本级 | C62: [2015]22-1号 | D62: 海陵区海阳东路北侧、规划智堡路西侧 | E62: 住宅 | F62: 42362 | G62: 85989 | H62: 40000 | I62: =H62*10000/G62 -> 4651.76 | J62: 3.10≤容积率≤3.30 | L62: 1.994
B63: 泰州市本级 | C63: [2015]21-2号 | D63: 海陵区森园路南侧、江州北路东侧 | E63: 商住 | F63: 42362 | G63: 49981 | H63: 20200 | I63: =H63*10000/G63 -> 4041.54 | J63: 2.80≤容积率≤3 | K63: 1.511 | L63: 1.831
B64: 泰州市本级 | C64: [2015]21-1号 | D64: 海陵区东风北路东侧、森园路北侧 | E64: 商住 | F64: 42362 | G64: 136714 | H64: 54600 | I64: =H64*10000/G64 -> 3993.74 | J64: 2.80≤容积率≤3 | K64: 1.511 | L64: 1.831
B65: 泰州市本级 | C65: 泰地示告[2015]4-1号 | D65: 海陵区西仓路10号17室 | E65: 商业 | F65: 42359 | G65: 6.7 | H65: 19.1535 | I65: =H65*10000/G65 -> 28587.31
B66: 泰州市本级 | C66: [2015]20-4号 | D66: 海陵区环城东路东侧约160米、规二路南侧 | E66: 商业 | F66: 42348 | G66: 13955 | H66: 2833 | I66: =H66*10000/G66 -> 2030.1 | J66: 1.80≤容积率≤2 | K66: 1.348
B67: 泰州市本级 | C67: [2015]20-3号 | D67: 海陵区环城东路东侧约70米、规二路南侧 | E67: 商业 | F67: 42348 | G67: 14422 | H67: 2930 | I67: =H67*10000/G67 -> 2031.62 | J67: 1.80≤容积率≤2 | K67: 1.348
B68: 泰州市本级 | C68: [2015]20-2号 | D68: 医药高新区凤凰小学东侧、永兴路南侧 | E68: 商业 | F68: 42348 | G68: 2840 | H68: 1220 | I68: =H68*10000/G68 -> 4295.77 | J68: 容积率≤1.77 | K68: 1.287
B69: 泰州市本级 | C69: [2015]20-1号 | D69: 高港区大泗镇泗白路东侧、姜泗路北侧 | E69: 商业 | F69: 42348 | G69: 14656 | H69: 1780 | I69: =H69*10000/G69 -> 1214.52 | J69: 1.50≤容积率≤1.70 | K69: 1.253
B70: 泰州市本级 | C70: [2015]19-4 号 | D70: 海陵区济川东路南侧约220米、春晖路西侧 | E70: 商住 | F70: 42334 | G70: 15965 | H70: 8000 | I70: =H70*10000/G70 -> 5010.96 | J70: 2.80≤容积率≤3 | K70: 1.511 | L70: 1.831
B71: 泰州市本级 | C71: [2015]19-3号 | D71: 海陵区济川东路南侧约430米、春晖路西侧 | E71: 商住 | F71: 42334 | G71: 56850 | H71: 29300 | I71: =H71*10000/G71 -> 5153.91 | J71: 2.80≤容积率≤3 | K71: 1.511 | L71: 1.831
B72: 泰州市本级 | C72: [2015]19-2号 | D72: 海陵区东风南路东侧、体育馆南侧 | E72: 商住 | F72: 42334 | G72: 62539 | H72: 32300 | I72: =H72*10000/G72 -> 5164.78 | J72: 2.80≤容积率≤3 | K72: 1.511 | L72: 1.831
B73: 泰州市本级 | C73: [2015]19-1号 | D73: 海陵区春晖路西侧、康桥水岸北侧 | E73: 商住 | F73: 42334 | G73: 92295 | H73: 45000 | I73: =H73*10000/G73 -> 4875.67 | J73: 2.80≤容积率≤3 | K73: 1.511 | L73: 1.831
B74: 泰州市本级 | C74: [2015]18-2号 | D74: 医药高新区健康大道南侧、规划会展路西侧 | E74: 商住 | F74: 42327 | G74: 91438 | H74: 40000 | I74: =H74*10000/G74 -> 4374.55 | J74: 2.80≤容积率≤3 | K74: 1.511 | L74: 1.831
B75: 泰州市本级 | C75: [2015]18-1号 | D75: 医药高新区泰州大道东侧、健康大道南侧 | E75: 商住 | F75: 42327 | G75: 133336 | H75: 58300 | I75: =H75*10000/G75 -> 4372.41 | J75: 2.80≤容积率≤3 | K75: 1.511 | L75: 1.831
B76: 泰州市本级 | C76: [2015]17-2号 | D76: 海陵区九龙镇龙翔路东侧、振兴路南侧 | E76: 商住 | F76: 42306 | G76: 13724 | H76: 4850 | I76: =H76*10000/G76 -> 3533.96 | J76: 2.80≤容积率≤3 | K76: 1.511 | L76: 1.831
B77: 泰州市本级 | C77: [2015]17-1号 | D77: 海陵区九龙镇龙园路东侧、振兴路北侧 | E77: 商住 | F77: 42306 | G77: 40594 | H77: 14600 | I77: =H77*10000/G77 -> 3596.59 | J77: 2.80≤容积率≤3 | K77: 1.511 | L77: 1.831
B78: 泰州市本级 | C78: [2015]14-1号 | D78: 高港区王营河路东侧、春港路北侧 | E78: 商住 | F78: 42292 | G78: 95013 | H78: 19000 | I78: =H78*10000/G78 -> 1999.73 | J78: 1.50≤容积率≤1.70 | K78: 1.253 | L78: 1.113
B79: 泰州市本级 | C79: 泰地示告[2015]3-1号 | D79: 海陵区西仓路11-1幢29室 | E79: 商业 | F79: 42277 | G79: 8 | H79: 19.1618 | I79: =H79*10000/G79 -> 23952.25 | J79: 容积率≤4.20 | K79: 1.514
B80: 泰州市本级 | C80: [2015]13-2号 | D80: 海陵区凤凰东路北侧、春晖路东侧 | E80: 商住 | F80: 42257 | G80: 58789 | H80: 30700 | I80: =H80*10000/G80 -> 5222.07 | J80: 2.80≤容积率≤3 | K80: 1.511 | L80: 1.831
B81: 泰州市本级 | C81: [2015]13-1号 | D81: 海陵区凤凰东路北侧约200米、春晖路东侧 | E81: 商住 | F81: 42257 | G81: 113367 | H81: 59300 | I81: =H81*10000/G81 -> 5230.8 | J81: 2.80≤容积率≤3 | K81: 1.511 | L81: 1.831
B82: 泰州市本级 | C82: [2015]12-1号 | D82: 高港区大泗镇泗白路东侧、姜泗路南侧 | E82: 商业 | F82: 42244 | G82: 11713 | H82: 1460 | I82: =H82*10000/G82 -> 1246.48 | J82: 1.60≤容积率≤1.80 | K82: 1.287
B83: 泰州市本级 | C83: [2015]11-1号 | D83: 海陵区春晖路东侧、规划25米支路南侧 | E83: 商住 | F83: 42243 | G83: 34799 | H83: 4700 | I83: =H83*10000/G83 -> 1350.61 | J83: 1.20≤容积率≤1.70 | K83: 1.2 | L83: 1.03
B84: 泰州市本级 | C84: 泰地示告[2015]2-1号 | D84: 海陵区莲花7号小区53幢10室 | E84: 商业 | F84: 42233 | G84: 125.6 | H84: 54.6285 | I84: =H84*10000/G84 -> 4349.4 | J84: 容积率≤2.82 | K84: 1.505
B85: 泰州市本级 | C85: [2015]10-3号 | D85: 医药高新区海陵南路东侧、姜高路南侧 | E85: 住宅 | F85: 42201 | G85: 96376 | H85: 26000 | I85: =H85*10000/G85 -> 2697.77 | J85: 1.80≤容积率≤2 | L85: 1.28
B86: 泰州市本级 | C86: [2015]9-2号 | D86: 医药高新区祥泰路东侧、规划丁香路南侧 | E86: 商住 | F86: 42173 | G86: 72805 | H86: 30600 | I86: =H86*10000/G86 -> 4203.01 | J86: 2.80≤容积率≤3 | K86: 1.511 | L86: 1.831
B87: 泰州市本级 | C87: [2015]9-1号 | D87: 医药高新区规划丁香路南侧、南官河西侧 | E87: 商住 | F87: 42173 | G87: 74701 | H87: 31400 | I87: =H87*10000/G87 -> 4203.42 | J87: 2.80≤容积率≤3 | K87: 1.511 | L87: 1.831
B88: 泰州市本级 | C88: 泰地示告[2015]1-1号 | D88: 泰州市海陵区京泰路街道双墩村境内 | E88: 住宅 | F88: 42158 | G88: 3479.1 | H88: 105.76464 | I88: =H88*10000/G88 -> 304 | J88: 1<容积率≤4.80 | L88: 1.831
B89: 泰州市本级 | C89: [2015]7-1号 | D89: 高港区金港路西侧、刁铺农贸市场南侧 | E89: 商住 | F89: 42117 | G89: 61597 | H89: 12906 | I89: =H89*10000/G89 -> 2095.23 | J89: 1.80≤容积率≤2 | K89: 1.348 | L89: 1.28
B90: 泰州市本级 | C90: [2015]6-3号 | D90: 高港区刁东路西侧、解放路北侧 | E90: 住宅 | F90: 42082 | G90: 67375 | H90: 7100 | I90: =H90*10000/G90 -> 1053.8 | J90: 1.01<容积率≤1.07 | L90: 0.774
B91: 泰州市本级 | C91: [2015]6-2号 | D91: 高港区扬子江路东侧、解放路北侧 | E91: 商住 | F91: 42082 | G91: 72606 | H91: 16500 | I91: =H91*10000/G91 -> 2272.54 | J91: 1.43≤容积率≤1.55 | K91: 1.217 | L91: 1.057
B92: 泰州市本级 | C92: [2015]5-5号 | D92: 火车站街区兰州路东侧、站前支路北侧 | E92: 商业 | F92: 42075 | G92: 14654 | H92: 2250 | I92: =H92*10000/G92 -> 1535.42 | J92: 1≤容积率≤1.20 | K92: 1.048
B93: 泰州市本级 | C93: [2015]5-4号 | D93: 经济开发区姜高路北侧约45米、祥泰路东侧 | E93: 商业 | F93: 42075 | G93: 4024 | H93: 580 | I93: =H93*10000/G93 -> 1441.35 | J93: 容积率≤0.40 | K93: 0.663
B94: 泰州市本级 | C94: [2015]5-3号 | D94: 海陵区泰和路西侧、凤凰东路北侧约20米 | E94: 商业 | F94: 42075 | G94: 12208 | H94: 2950 | I94: =H94*10000/G94 -> 2416.45 | J94: 2.01≤容积率≤2.21 | K94: 1.4
B95: 泰州市本级 | C95: [2015]5-2号 | D95: 海陵区东风北路东侧、华辰尊园南侧 | E95: 商业 | F95: 42075 | G95: 4382 | H95: 3250 | I95: =H95*10000/G95 -> 7416.7 | J95: 1.21≤容积率≤1.42 | K95: 1.138
B96: 泰州市本级 | C96: [2015]5-1号 | D96: 高港区白马镇将军路东侧、姜高路北侧 | E96: 商业 | F96: 42075 | G96: 2436 | H96: 380 | I96: =H96*10000/G96 -> 1559.93 | J96: 2.10≤容积率≤2.30 | K96: 1.422
B97: 泰州市本级 | C97: [2015]4-9号 | D97: 医药高新区海陵南路东侧约80米、三新路... | E97: 商住 | F97: 42068 | G97: 109586 | H97: 48000 | I97: =H97*10000/G97 -> 4380.12 | J97: 2.80≤容积率≤3 | K97: 1.511 | L97: 1.831
B98: 泰州市本级 | C98: [2015]4-8号 | D98: 医药高新区南官河西侧、药城大道南侧 | E98: 商住 | F98: 42068 | G98: 153145 | H98: 64300 | I98: =H98*10000/G98 -> 4198.64 | J98: 2.80≤容积率≤3 | K98: 1.511 | L98: 1.831
B99: 泰州市本级 | C99: [2015]4-7号 | D99: 海陵区江州北路西侧、西域绿洲小区南侧 | E99: 商住 | F99: 42068 | G99: 11286 | H99: 4450 | I99: =H99*10000/G99 -> 3942.94 | J99: 2.80≤容积率≤3 | K99: 1.511 | L99: 1.831
B100: 泰州市本级 | C100: [2015]4-6号 | D100: 海陵区扬州路北侧、道路西侧 | E100: 商住 | F100: 42068 | G100: 17421 | H100: 6500 | I100: =H100*10000/G100 -> 3731.13 | J100: 2.80≤容积率≤3 | K100: 1.511 | L100: 1.831
...

Sheet 商服用地市场法
A1: 被评估单位： | B1: 泰州市**** | C1: 评估人员： | E1: 索引号： | F1: C4-12-1/3
A2: 评估基准日： | B2: 43167 | C2: 复核人员： | D2: =[5]步骤复核表!B5 | E2: 页 次：
A3: 市场比较法计算表
A4: 宗地及实例 比较因素 | C4: 待估宗地 | D4: 案例A | E4: 案例B | F4: 案例C | I4: http://www.landvalue.com.cn/Lvmonitor/Index
A5: 土地单价（元/m2） | C5: 待评估 | D5: =[4]评估案例!I48 -> 8450.7 | E5: =[4]评估案例!I14 -> 8834.52 | F5: =[4]评估案例!I16 -> 8493.7 | I5: 苏中地区监测指标情况一览表
A6: 交易时间 | C6: 2017/12/31 | D6: =[4]评估案例!F48 -> 42404 | E6: =[4]评估案例!F14 -> 42908 | F6: =[4]评估案例!F16 -> 42852 | I6: 商业 | N6: 住宅
A7: 交易情况 | C7: 正常 | D7: 正常 | E7: 正常 | F7: 正常 | I7: 时间 | J7: 水平值 | K7: 环比增长率 | L7: 指数 | N7: 时间 | O7: 水平值 | P7: 环比增长率 | Q7: 指数
A8: 交易方式 | C8: 出让 | D8: 出让 | E8: 出让 | F8: 出让
A9: 土地用途 | C9: 商业 | D9: 商业 | E9: 商业 | F9: 商业 | I9: 2017.1 | J9: 2679 | K9: 0.19 | L9: =ROUND(J9/$J$12*100,2) -> 99.19 | N9: 2017.1 | O9: 1818 | P9: 2.02 | Q9: =ROUND(O9/$O$12*100,2) -> 97.53
A10: 土地使用年期 | C10: =C52 -> 35.85 | D10: 40 | E10: 40 | F10: 40 | I10: 2017.2 | J10: 2685 | K10: 0.22 | L10: =ROUND(J10/$J$12*100,2) -> 99.41 | N10: 2017.2 | O10: 1826 | P10: 0.44 | Q10: =ROUND(O10/$O$12*100,2) -> 97.96
A11: 区域因素 | B11: 区域繁华程度 | C11: 位于海陵区泰九路，商服繁华程度优 | D11: 位于海陵区鼓楼南路东侧，商服繁华程度优 | E11: 位于海陵区规划虹桥西街北侧，商服繁华程度一般 | F11: 位于海陵区海阳大酒店附近，商服繁华程度一般 | I11: 2017.3 | J11: 2694 | K11: 0.34 | L11: =ROUND(J11/$J$12*100,2) -> 99.74 | N11: 2017.3 | O11: 1834 | P11: 0.44 | Q11: =ROUND(O11/$O$12*100,2) -> 98.39
B12: 道路通达度 | C12: 位于泰九路，道路通达度较优 | D12: 位于鼓楼南路，道路通达度较优 | E12: 位于规划虹桥西街，道路通达度一般 | F12: 位于巷道 ，道路通达度一般 | I12: 2017.4 | J12: 2701 | K12: 0.26 | L12: 100 | N12: 2017.4 | O12: 1864 | P12: 1.64 | Q12: 100
B13: 交通便捷度 | C13: 周边有22路;23路;301路;301路夜班，公交便捷度较优 | D13: 周边有15路;16路;18路;603路，公交便捷度较优 | E13: 周边有1路;3路;12路;15路;26路;113路;118路，公交便捷度较优 | F13: 周边有17路;23路;公交便捷度一般 | I13: 2015.4 | J13: 2666 | K13: 0.04 | L13: =ROUND(J13/$J$12*100,2) -> 98.7 | N13: 2015.4 | O13: 1778 | P13: -0.06 | Q13: =ROUND(O13/$O$12*100,2) -> 95.39
B14: 基础设施状况 | C14: 宗地红线外市政基础设施达到五通一平，水电气较完备，基础设施较优 | D14: 宗地红线外市政基础设施达到五通一平，水电气较完备，基础设施较优 | E14: 宗地红线外市政基础设施达到五通一平，水电气较完备，基础设施较优 | F14: 宗地红线外市政基础设施达到五通一平，水电气一般，基础设施一般 | I14: 2016.1 | J14: 2665 | K14: -0.04 | L14: =ROUND(J14/$J$12*100,2) -> 98.67 | N14: 2016.1 | O14: 1776 | P14: -0.11 | Q14: =ROUND(O14/$O$12*100,2) -> 95.28
B15: 公用设施状况 | C15: 超市、银行、医院、教育、农贸市场等较完备，公用设施状况一般 | D15: 超市、银行、医院、教育、农贸市场等较完备，公用设施状况一般 | E15: 超市、银行、医院、教育、农贸市场等较完备，公用设施状况一般 | F15: 超市、银行、医院、教育、农贸市场等较完备，公用设施状况一般 | I15: 2016.2 | J15: 2666 | K15: 0.04 | L15: =ROUND(J15/$J$12*100,2) -> 98.7 | N15: 2016.2 | O15: 1776 | P15: 0 | Q15: =ROUND(O15/$O$12*100,2) -> 95.28
B16: 区域规划 | C16: 区域规划无限制，一般 | D16: 区域规划无限制，一般 | E16: 区域规划无限制，一般 | F16: 区域规划无限制，一般 | I16: 2016.3 | J16: 2668 | K16: 0.08 | L16: =ROUND(J16/$J$12*100,2) -> 98.78 | N16: 2016.3 | O16: 1777 | P16: 0.06 | Q16: =ROUND(O16/$O$12*100,2) -> 95.33
B17: 环境条件 | C17: 人文环境、自然环境一般 | D17: 人文环境、自然环境一般 | E17: 人文环境、自然环境一般 | F17: 人文环境、自然环境一般 | I17: 2016.4 | J17: 2674 | K17: 0.22 | L17: =ROUND(J17/$J$12*100,2) -> 99 | N17: 2016.4 | O17: 1782 | P17: 0.28 | Q17: =ROUND(O17/$O$12*100,2) -> 95.6
A18: 个别因素 | B18: 宗地位置 | C18: 位于海陵区泰九路，位置较优 | D18: 位于海陵区鼓楼南路东侧，位置较优 | E18: 位于海陵区规划虹桥西街北侧，位置较优 | F18: 位于海陵区海阳大酒店附近，位置较优
B19: 宗地面积 | C19: 面积适宜 | D19: 面积适宜 | E19: 面积适宜 | F19: 面积适宜
B20: 宗地形状 | C20: 较规则，基本无影响 | D20: 较规则，基本无影响 | E20: 较规则，基本无影响 | F20: 较规则，基本无影响
B21: 宗地内开发水平 | C21: 场地内平整 | D21: 场地内平整 | E21: 场地内平整 | F21: 场地内平整
B22: 地质条件 | C22: 地质条件一般，地基承载力一般 | D22: 地质条件一般，地基承载力一般 | E22: 地质条件一般，地基承载力一般 | F22: 地质条件一般，地基承载力一般
B23: 容积率 | C23: 2.8<容积率≤3 | D23: 0.89≤容积率≤0.99 | E23: 1.20≤容积率≤1.40 | F23: 1.80≤容积率≤2
A25: 宗地及实例 比较因素 | C25: 待估宗地 | D25: 案例A | E25: 案例B | F25: 案例C
A26: 土地单价（元/m2） | C26: 待评估 | D26: =D5 -> 8450.7 | E26: =E5 -> 8834.52 | F26: =F5 -> 8493.7
A27: 交易时间 | C27: 100 | D27: 98.67 | E27: 99.41 | F27: 99.41
A28: 交易情况 | C28: 100 | D28: 100 | E28: 100 | F28: 100
A29: 交易方式 | C29: 100 | D29: 100 | E29: 100 | F29: 100
A30: 土地用途 | C30: 100 | D30: 100 | E30: 100 | F30: 100
A31: 土地使用年期 | C31: =C53 -> 0.9366 | D31: =ROUND(1-1/(1+0.08)^40,4) -> 0.954 | E31: =ROUND(1-1/(1+0.08)^40,4) -> 0.954 | F31: =ROUND(1-1/(1+0.08)^40,4) -> 0.954
A32: 区域因素 | B32: 区域繁华程度 | C32: 100 | D32: 100 | E32: 95 | F32: 95
B33: 道路通达度 | C33: 100 | D33: 100 | E33: 95 | F33: 95
B34: 交通便捷度 | C34: 100 | D34: 100 | E34: 100 | F34: 95
B35: 基础设施状况 | C35: 100 | D35: 100 | E35: 100 | F35: 95
B36: 公用设施状况 | C36: 100 | D36: 100 | E36: 100 | F36: 100
B37: 区域规划 | C37: 100 | D37: 100 | E37: 100 | F37: 100
B38: 环境质量优劣度 | C38: 100 | D38: 100 | E38: 100 | F38: 100
A39: 个别因素 | B39: 宗地位置 | C39: 100 | D39: 100 | E39: 100 | F39: 100
B40: 宗地面积 | C40: 100 | D40: 100 | E40: 100 | F40: 100
B41: 宗地形状 | C41: 100 | D41: 100 | E41: 100 | F41: 100
B42: 宗地内开发水平 | C42: 100 | D42: 100 | E42: 100 | F42: 100
B43: 地质条件 | C43: 100 | D43: 100 | E43: 100 | F43: 100
B44: 容积率修正 | C44: 1.511 | D44: 0.975 | E44: 1.138 | F44: 1.348
A45: 修正后单价（元/平方米） | D45: =ROUND(PRODUCT($C28:$C44)/PRODUCT(D28:D44)*D26*C27/D27,0) -> 13031 | E45: =ROUND(PRODUCT($C28:$C44)/PRODUCT(E28:E44)*E26*C27/E27,0) -> 12836 | F45: =ROUND(PRODUCT($C28:$C44)/PRODUCT(F28:F44)*F26*C27/F27,0) -> 11544
A46: 比准单价（元/平方米） | E46: =AVERAGE(D45:F45) -> 12470
A47: 面积（平方米） | E47: 2796 | G47: 12470
A48: 评估总价 | E48: =ROUND(E46*E47,-2) -> 34866100
B50: 终止日期 | C50: 56194
B51: 基准日 | C51: =C6 -> 2017/12/31
B52: 剩余年限年期 | C52: =ROUND(DAYS360(C51,C50)/360,2) -> 35.85
B53: 年期修正系数 | C53: =ROUND(1-1/(1+0.08)^C52,4) -> 0.9366
B55: 以下表格用于贴到评估说明中。
A56: 宗地及实例 比较因素 | C56: 案例A | D56: 案例B | E56: 案例C
A57: 土地单价（元/m2） | C57: =D26 -> 8450.7 | D57: =E26 -> 8834.52 | E57: =F26 -> 8493.7
A58: 交易时间 | C58: =CONCATENATE(D27,"/",$C27) -> 98.67/100 | D58: =CONCATENATE(E27,"/",$C27) -> 99.41/100 | E58: =CONCATENATE(F27,"/",$C27) -> 99.41/100
A59: 交易情况 | C59: =CONCATENATE($C28,"/",D28) -> 100/100 | D59: =CONCATENATE($C28,"/",E28) -> 100/100 | E59: =CONCATENATE($C28,"/",F28) -> 100/100
A60: 交易方式 | C60: =CONCATENATE($C29,"/",D29) -> 100/100 | D60: =CONCATENATE($C29,"/",E29) -> 100/100 | E60: =CONCATENATE($C29,"/",F29) -> 100/100
A61: 土地用途 | C61: =CONCATENATE($C30,"/",D30) -> 100/100 | D61: =CONCATENATE($C30,"/",E30) -> 100/100 | E61: =CONCATENATE($C30,"/",F30) -> 100/100
A62: 土地使用年期 | C62: =CONCATENATE($C31,"/",D31) -> 0.9366/0.954 | D62: =CONCATENATE($C31,"/",E31) -> 0.9366/0.954 | E62: =CONCATENATE($C31,"/",F31) -> 0.9366/0.954
A63: 区域因素 | B63: 区域繁华程度 | C63: =CONCATENATE($C32,"/",D32) -> 100/100 | D63: =CONCATENATE($C32,"/",E32) -> 100/95 | E63: =CONCATENATE($C32,"/",F32) -> 100/95
B64: 道路通达度 | C64: =CONCATENATE($C33,"/",D33) -> 100/100 | D64: =CONCATENATE($C33,"/",E33) -> 100/95 | E64: =CONCATENATE($C33,"/",F33) -> 100/95
B65: 交通便捷度 | C65: =CONCATENATE($C34,"/",D34) -> 100/100 | D65: =CONCATENATE($C34,"/",E34) -> 100/100 | E65: =CONCATENATE($C34,"/",F34) -> 100/95
B66: 基础设施状况 | C66: =CONCATENATE($C35,"/",D35) -> 100/100 | D66: =CONCATENATE($C35,"/",E35) -> 100/100 | E66: =CONCATENATE($C35,"/",F35) -> 100/95
B67: 公用设施状况 | C67: =CONCATENATE($C36,"/",D36) -> 100/100 | D67: =CONCATENATE($C36,"/",E36) -> 100/100 | E67: =CONCATENATE($C36,"/",F36) -> 100/100
B68: 区域规划 | C68: =CONCATENATE($C37,"/",D37) -> 100/100 | D68: =CONCATENATE($C37,"/",E37) -> 100/100 | E68: =CONCATENATE($C37,"/",F37) -> 100/100
B69: 环境质量优劣度 | C69: =CONCATENATE($C38,"/",D38) -> 100/100 | D69: =CONCATENATE($C38,"/",E38) -> 100/100 | E69: =CONCATENATE($C38,"/",F38) -> 100/100
A70: 个别因素 | B70: 宗地位置 | C70: =CONCATENATE($C39,"/",D39) -> 100/100 | D70: =CONCATENATE($C39,"/",E39) -> 100/100 | E70: =CONCATENATE($C39,"/",F39) -> 100/100
B71: 宗地面积 | C71: =CONCATENATE($C40,"/",D40) -> 100/100 | D71: =CONCATENATE($C40,"/",E40) -> 100/100 | E71: =CONCATENATE($C40,"/",F40) -> 100/100
B72: 宗地形状 | C72: =CONCATENATE($C41,"/",D41) -> 100/100 | D72: =CONCATENATE($C41,"/",E41) -> 100/100 | E72: =CONCATENATE($C41,"/",F41) -> 100/100
B73: 宗地内开发水平 | C73: =CONCATENATE($C42,"/",D42) -> 100/100 | D73: =CONCATENATE($C42,"/",E42) -> 100/100 | E73: =CONCATENATE($C42,"/",F42) -> 100/100
B74: 地质条件 | C74: =CONCATENATE($C43,"/",D43) -> 100/100 | D74: =CONCATENATE($C43,"/",E43) -> 100/100 | E74: =CONCATENATE($C43,"/",F43) -> 100/100
B75: 容积率 | C75: =CONCATENATE($C44,"/",D44) -> 1.511/0.975 | D75: =CONCATENATE($C44,"/",E44) -> 1.511/1.138 | E75: =CONCATENATE($C44,"/",F44) -> 1.511/1.348
A76: 比准单价（元/m2） | C76: =D45 -> 13031 | D76: =E45 -> 12836 | E76: =F45 -> 11544
A77: 土地单价（元/m2） | C77: =ROUND((C76+D76+E76)/3,0) -> 12470
